QG,ABE2,31,0.0792,0.0858,"BARKSTON JNC BARKSTON EAST JNC_(NOW REPLACED BY ABE1 EXTENSION)",,1,0,FALSE,,
QG,AGY,32,0,0.058,"ATTERCLIFFE GOODS YARD (OPEN SIDING)",,1,0,FALSE,,
QG,ANS,33,6.1518,7.056,"ALDWARKE NORTH (MID) TO ALDWARKE SOUTH (GC)",,1,0,FALSE,,
QG,AWP,34,0,0.0528,"ANLABY ROAD JN WEST PARADE NORTH JN",,1,0,FALSE,,
QG,BAC2,35,149.099,152.0462,"BARROW HILL NORTH JN TO SEYMOUR JN",,1,0,FALSE,,
QG,BAC3,36,149.0748,155.0161,"ELMTON & CRESSWELL JN - SEYMOUR JN",,1,0,FALSE,,
QG,BAH1,37,44.0396,45.121,"HORBURY STN JN - CRIGGLESTONE JN",,1,0,FALSE,,
QG,BAH2,38,45.1232,52.132,"CRIGGLESTONE JN - BARNSLEY STN JN",,1,0,FALSE,,
QG,BAR,39,100.0956,110.0418,"BARTON BRANCH",,1,0,FALSE,,
QG,BBW,40,0,1.0393,"BRADLEY JN BRADLEY WOOD",,1,0,FALSE,,
QG,BCB,41,115.1581,116.0972,"BESSACARR JN - BLACK CARR JN",,1,0,FALSE,,
QG,BCE,42,5.11,5.1408,"BOLSOVER COLLIERY EMPTIES",,1,0,FALSE,,
QG,BCO,43,0,0.055,"BENTLEY COLLIERY",,1,0,FALSE,,
QG,BEC,44,0,4.0462,"BEVERCOTES COLLIERY",,1,0,FALSE,,
QG,BEW,45,46.1237,48.0136,"BEIGHTON JN - WOODHOUSE JN",,1,0,FALSE,,
QG,BGE,46,0,0.1144,"BOLDON COLLIERY JN - GREEN LANE JN",,1,0,FALSE,,
QG,BGH,47,0,0.021,"BRAMPTON & GASHOUSE BRANCH (OPEN SIDING)",,1,0,FALSE,,
QG,BHM,48,149.0662,149.0745,"BARROW HILL MOTIVE POWER DEPOT",,1,0,FALSE,,
QG,BIB,49,0,0.0374,"SHIPLEY BINGLEY JN BRADFORD JN",,1,0,FALSE,,
QG,BKS,50,0,20.1122,"BRANCLIFFE JNC KIRK SANDAL JNC",,1,0,FALSE,,
QG,BLC,51,1.0198,4.0242,"BLIDWORTH COLLIERY",,1,0,FALSE,,
QG,BLJ,52,161.045,161.1537,"SHEPCOTE LANE EAST JN - BROUGHTON LANE JN",,1,0,FALSE,,
QG,BNE,53,0,2.1166,"BENTON NORTH JN - EARSDON JN",,1,0,FALSE,,
QG,BNJ,54,0,0.0396,"BENTLEY COLLIERY NORTH JNC BENTLEY COLLIERY JNC",,1,0,FALSE,,
QG,BNW,55,0,0.044,"BOLDON NEW CURVE : BOLDON EAST JN - BOLDON NORTH JN",,1,0,FALSE,,
QG,BNY1,56,1.0418,2.0572,"DEAN ROAD SIDINGS - GREEN LANE JN",,1,0,FALSE,,
QG,BNY2,57,2.1188,3.0462,"BOLDON NORTH JN FOR BOLDON COLLIERY - BOLDON COLLIERY",,1,0,FALSE,,
QG,BOC1,58,5.0462,7.132,"BOLSOVER COLLIERY",,1,0,FALSE,,
QG,BOH,59,0,0.0968,"BOWESFIELD JN - HARTBURN JN",,1,0,FALSE,,
QG,BOO,60,5.1386,6.0374,"BOWERS OPENCAST",,1,0,FALSE,,
QG,BRC,61,-0.011,1.0968,"CASTLE HILLS N JN - BRODSWORTH COLLIERY",,1,0,FALSE,,
QG,BRI1,62,99.0482,100.0956,"BROCKLESBY JN - ULCEBY NORTH JN",,1,0,FALSE,,
QG,BRI2,63,100.0956,106.0946,"ULCEBY NTH JN - IMMINGHAM DOCK (ABP)",,1,0,FALSE,,
QG,BTB,64,8.0945,8.1122,"BARLOW TIP BRANCH (SIDING)",,1,0,FALSE,,
QG,BTJ,65,158.1452,162.077,"BRIGHTSIDE - TREETON JN",,1,0,FALSE,,
QG,BWC,66,0,4.03,"BEDLINGTON JN - WOODHORN COLLIERY (4M220Y TO 4M300Y N.C.B. RESPONSIBILTY)",,1,0,FALSE,,
QG,BWO1,67,3.0056,3.011,"ASHINGTON JNC - BUTTERWELL OPEN CAST",,1,0,FALSE,,
QG,BWO2,68,0,0.0106,"BUTTERWELL JNC - BUTTERWELL OPEN CAST",,1,0,FALSE,,
QG,CCN,69,9.0198,9.1232,"CLIPSTONE COLLIERY NORTH",,1,0,FALSE,,
QG,CEM,70,8.144,11.0206,"CLIPSTONE EAST JN - MANSFIELD COLLIERY",,1,0,FALSE,,
QG,CFM,71,10.0682,15.1342,"CHURCH FENTON NORTH JN MICKLEFIELD JN",,1,0,FALSE,,
QG,CFP,72,3.044,4.0761,"CANONBURY WEST JN - FINSBURY PARK",,1,0,FALSE,,
QG,CHN,73,0,0.0352,"CASTLE HILLS SOUTH JN - WEST JN",,1,0,FALSE,,
QG,CHR,74,146.1298,162.0528,"CHESTERFIELD ROTHERHAM (TAPTON JN TO MASBOROUGH STN NORTH JN)",,1,0,FALSE,,
QG,CHS,75,0,1.1166,"CRIGGLESTONE JN HORBURY JN",,1,0,FALSE,,
QG,CJS,76,160.0198,166.154,"CARCROFT JN STAINFORTH JNC",,1,0,FALSE,,
QG,CKS2,317,5.0491,5.1371,"CRICKLEWOOD SIDINGS",,1,0,TRUE,,
QG,CLH1,77,0,0.0924,"CLIFF HOUSE BRANCH",,1,0,FALSE,,
QG,CPM1,78,56.0924,59.0066,"PONTEFRACT W JN - FORMER CUTSYKE JN",,1,0,FALSE,,
QG,CPM2,79,0,0.1342,"FORMER CUTSYKE JN - CASTLEFORD W JN",,1,0,FALSE,,
QG,CRF1,80,0,0.0475,"FREIGHT TERMINAL JN - COM (KINGS CROSS INCLINE)",,1,0,FALSE,,
QG,CTL,81,0,0.1166,"CALDER BRIDGE JN TURNERS LANE JN",,1,0,FALSE,,
QG,CTP,82,66.134,67.122,"CONNINGTON TIP (OPEN SIDING)",,1,0,FALSE,,
QG,CWS,83,10.1452,11.011,"CLIPSTONE WEST JN - CLIPSTONE SOUTH JN",,1,0,FALSE,,
QG,CYY,84,0,0.0699,"YORK TURNING TRIANGLE",,1,0,FALSE,,
QG,DAE1,85,0,8.0616,"DARLINGTON PARKGATE JN - SHILDON SOUTH JN",,1,0,FALSE,,
QG,DAE2,86,8.0616,14.1034,"SHILDON STH JN - WEAR VALLEY JN COM",,1,0,FALSE,,
QG,DAE3,87,0,15.1738,"WEAR VALLEY JN - EASTGATE (BLUE CIRCLE CEMENT)",,1,0,FALSE,,
QG,DCF,282,32.1164,34.0115,"DOWN CAMBRIDGE FLYOVER",,1,0,FALSE,,
QG,DDY,88,154.0335,155.022,"DONCASTER DOWN YARD",,1,0,FALSE,,
QG,DLO,89,0,1,"DARNALL LOCO. (OPEN SIDING)",,1,0,FALSE,,
QG,DOL1,1,156.0616,175.0704,"DONCASTER MARSHGATE JN - WAKEFIELD 175M 32CH",,1,0,FALSE,,
QG,DOL2,2,175.0704,185.1597,"WAKEFIELD 175M 32CH - LEEDS CITY STATION (C.O.M.)",,1,0,FALSE,,
QG,DOW,3,0,33.0748,"DONCASTER WRAWBY",,1,0,FALSE,,
QG,DRA1,4,0,4.0548,"DRAX POWER STATION - APPROACH TRACKS",,1,0,FALSE,,
QG,DRS1,5,0,0.0072,"DEWSBURY EAST JN - 0M 20CH",,1,0,FALSE,,
QG,DRS2,6,0.0308,41.1325,"DEWSBURY 0M 14CH - 0M 27CH COM",,1,0,FALSE,,
QG,DRS3,7,0,0.099,"COM - DEWSBURY RAILWAY ST GDS YARD",,1,0,FALSE,,
QG,DSN1,8,0.0638,8.1254,"DARLINGTON S JN - EAGLESCLIFFE S JN",,1,0,FALSE,,
QG,DSN2,9,10.0286,21.1584,"FORMER EAGLESCLIFFE N JN - C.O.M. REDCAR (DARLINGTON - SALTBURN)",,1,0,FALSE,,
QG,DSN3,10,22.0352,27.1254,"C.O.M. REDCAR - SALTBURN (DARLINGTON - SALTBURN)",,1,0,FALSE,,
QG,DUY,11,153.1524,155.0735,"DONCASTER UP YARD",,1,0,FALSE,,
QG,DWS,12,0,0.1343,"DORE WEST - DORE STATION JN",,1,0,FALSE,,
QG,DWY,13,154.1142,155.0178,"DONCASTER WOODYARD",,1,0,FALSE,,
QG,ECM1,14,0,160.0352,"ECML KINGS CROSS - SHAFTHOLME JN",,1,0,FALSE,,
QG,ECM2,15,160.0352,169.0352,"SHAFTHOLME JN - TEMPLEHIRST JN",,1,0,FALSE,,
QG,ECM3,16,169.0352,182.1738,"TEMPLEHIRST JN - COLTON JN",,1,0,FALSE,,
QG,ECM4,17,182.1738,188.0901,"COLTON JN - YORK STATION",,1,0,FALSE,,
QG,ECM5,18,0,80.011,"YORK STATION - NEWCASTLE WEST JN",,1,0,FALSE,,
QG,ECM6,19,80.011,80.0352,"NEWCASTLE WEST JN - NEWCASTLE STATION",,1,0,FALSE,,
QG,ECM7,20,0,69.1474,"NEWCASTLE - BERWICK (REGIONAL BDRY)",,1,0,FALSE,,
QG,EDC,21,8.1,8.12,"EAGLESCLIFFE {DOWMAC CONCRETE LINE} (OPEN SIDING)",,1,0,FALSE,,
QG,EGG1,22,0,0.017,"EGGBOROUGH POWER STATION - APPROACH TRACKS",,1,0,FALSE,,
QG,EGG2,23,1.0111,2.132,"EGGBOROUGH POWER STATION - MGR LOOP",,1,0,FALSE,,
QG,EJM,24,7.0198,20.1012,"EARSDON JN - MORPETH NORTH JN",,1,0,FALSE,,
QG,ELN,25,195.0433,195.1144,"ENGINE SHED JN LEEDS CITY NORTH JN",,1,0,FALSE,,
QG,EMP,26,98.088,100.1452,"ELY - MARCH - PETERBOROUGH",,1,0,FALSE,,
QG,FAB,27,0.0286,1.011,"FARNLEY BRANCH",,1,1,FALSE,,
QG,FAS,28,0,1.1627,"FLETTON ASH SIDINGS",,1,0,FALSE,,
QG,FEP,29,2.1084,20.154,"FERRYHILL PELAW_(LEAMSIDE BRANCH)",,1,0,FALSE,,
QG,FHG,30,0.104,0.1165,"FORTH GOODS {RAILWAY ST. SIDINGS} (OPEN SIDING)",,1,0,FALSE,,
QG,FKW,135,2.0594,2.1567,"FERRYBRIDGE NORTH JN - KNOTTINGLEY WEST JN",,1,0,FALSE,,
QG,FOG,136,0.0704,0.134,"FORTH GOODS (OPEN SIDING)",,1,0,FALSE,,
QG,FOM,137,0,0.0117,"FLETTON JNC ORTON MERE",,1,0,FALSE,,
QG,FRC1,138,0,0.0743,"FRICKLEY COLLIERY BRANCH",,1,0,FALSE,,
QG,FWR1,139,151.0836,153.0418,"FLYOVER WEST JN TO ROSSINGTON COLLIERY HEADSHUNT",,1,0,FALSE,,
QG,FWR2,140,151.1518,153.044,"ROSSINGTON COLLIERY",,1,0,FALSE,,
QG,GDL,141,0,1,"GOOLE DOCK LINE (OPEN SIDING)",,1,0,FALSE,,
QG,GHM,142,0,1,"GOOLE HIGH LEVEL MINERAL LINE (OPEN SIDING)",,1,0,FALSE,,
QG,GLT,143,0.1144,1.0946,"GREEN LANE - TYNE DOCK",,1,0,FALSE,,
QG,GMS,144,104.1589,105.1398,"GRANTHAM SIDINGS",,1,0,FALSE,,
QG,GOC,145,15.0374,16.1738,"GOLDTHORPE COLLIERY BRANCH",,1,0,FALSE,,
QG,GRC2,146,55.1694,58.0682,"GRIMETHORPE COLLIERY (MILEAGE CHANGE TO GRIMETHORPE)",,1,0,FALSE,,
QG,GRD,147,0,1.0242,"GREETLAND JN DRYCLOUGH JN",,1,0,FALSE,,
QG,GUE1,148,204.0726,205.0154,"GUISELEY STN JN SHIPLEY (CLOSED)",,1,1,FALSE,,
QG,GUE2,149,0,3.0894,"ESHOLT JN TO DOCKFIELD JN (GUISELEY - SHIPLEY)",,1,0,FALSE,,
QG,HAC,150,11.044,15,"HARWORTH COLLIERY",,1,0,FALSE,,
QG,HAH1,151,0,0.1628,"BELASIS LANE JCN TO MILEAGE CHANGE (HAVERTON HILL SOUTH BRANCH)",,1,0,FALSE,,
QG,HAH2,152,63.1408,64.1298,"END OF BRANCH TO MILEAGE CHANGE (HAVERTON HILL SOUTH BRANCH)",,1,0,FALSE,,
QG,HAS,153,0,0.0244,"HARROGATE GOODS (OPEN SIDING)",,1,0,FALSE,,
QG,HAU,154,0.0858,1.099,"HABROUGH JNC ULCEBY SOUTH JNC",,1,0,FALSE,,
QG,HAY1,155,1.1122,18.132,"YORK SKELTON JN - 18M 60CH",,1,0,FALSE,,
QG,HAY2,156,18.132,20.0836,"18M 60CH - HARROGATE STATION",,1,0,FALSE,,
QG,HBS,157,0.055,50.0946,"HULL BRIDLINGTON SEAMER",,1,0,FALSE,,
QG,HCD,158,0,0.136,"HOLMES CHORD (ROTHERHAM)",,1,0,FALSE,,
QG,HCS,159,0,1.0038,"HEATON CARRIAGE SIDINGS",,1,0,FALSE,,
QG,HDB,160,4.1496,29.005,"HERTFORD NORTH LOOP",,1,0,FALSE,,
QG,HEM,161,20.1012,21.0726,"HAWTHORN COLLIERY BRANCH",,1,0,FALSE,,
QG,HIM,162,9.1584,27.1056,"SHIREBROOK EAST JN - HIGH MARNHAM",,1,0,FALSE,,
QG,HJB,163,0,3.0616,"HEXTHORPE JNC BENTLEY JNC",,1,0,FALSE,,
QG,HJM,164,19.0968,20.1037,"HEPSCOTT JN - MORPETH JN",,1,0,FALSE,,
QG,HJS,165,0,5.1386,"HESSLE ROAD JUNCTION TO SALTEND.",,1,0,FALSE,,
QG,HLD,166,72.0453,72.0518,"HARTLEPOOL DOCKS",,1,0,FALSE,,
QG,HLF1,167,0,0.0945,"HALL LANE JN TO FOXLOW JN (MILEAGE CHANGE - HALL LANE JN)",,1,0,FALSE,,
QG,HLF2,168,150.1034,150.1408,"HALL LANE JN TO FOXLOW JN (MILEAGE CHANGE - FOXLOW JN)",,1,0,FALSE,,
QG,HLK,169,0,0.103,"HIGH LEVEL BRIDGE JN TO KING EDWARD BRIDGE SOUTH JN",,1,0,FALSE,,
QG,HNB,170,0,1.1628,"HENDON BRANCH (RYHOPE GRANGE JN TO SOUTH DOCK)",,1,0,FALSE,,
QG,HNC,171,3.0748,4,"HAMBLETON NORTH CURVE",,1,0,FALSE,,
QG,HOS,172,-0.0005,1.1244,"HOLGATE JN SKELTON JN",,1,0,FALSE,,
QG,HPC,173,171.1518,173.0484,"HARE PARK JN CROFTON WEST JN",,1,0,FALSE,,
QG,HPW,174,0.0066,0.0308,"HARRINGAY PARK JNC - HARRINGAY WEST",,1,0,FALSE,,
QG,HSC,175,174.022,175.0726,"HAMBLETON SOUTH CURVE",,1,0,FALSE,,
QG,HTM,281,67.147,69.1214,"HAYWOOD JNC TO THORPE MARSH JNC (Shaftholme Flyover)",,1,0,FALSE,,
QG,HUE,176,0,0.11,"HUNSLET EAST GOODS",,1,0,FALSE,,
QG,HUL1,177,0,30.088,"HULL STATION - SELBY (1ST PART OF HULL - LEEDS)",,1,0,FALSE,,
QG,HUL2,178,30.088,31.0264,"SELBY - SELBY SOUTH JN (2ND PART OF HULL - LEEDS)",,1,0,FALSE,,
QG,HUL3,179,0,10.11,"SELBY SOUTH JN - AREA BDY MICKLEFIELD (3RD PART OF HULL - LEEDS)",,1,0,FALSE,,
QG,HUL4,180,10.11,20.11,"AREA BDY MICKLEFIELD TO LEEDS CITY STATION (4TH PART OF HULL - LEEDS)",,1,0,FALSE,,
QG,HYM,181,42.124,43.1244,"HEALEY MILLS",,1,0,FALSE,,
QG,ILK1,182,202.0066,208,"APPERLEY JN - BURLEY (FORMER JN) (ILKLEY BRANCH)",,1,0,FALSE,,
QG,ILK2,183,208,211.0506,"BURLEY - ILKLEY",,1,0,FALSE,,
QG,INW,184,104.1693,105.0507,"IMMINGHAM DOCK NORTH WEST ENTRANCE",,1,0,FALSE,,
QG,ISC,185,0,1.1452,"ISABELLA COLLIERY",,1,0,FALSE,,
QG,JAW1,186,0.0176,3.0792,"PELAW JN - JARROW",,1,0,FALSE,,
QG,JCA,187,0,0.1078,"JOAN CROFT JN APPLEHURST JN",,1,0,FALSE,,
QG,JMM,188,0,0.0072,"FERRYBRIDGE POWER STATION",,1,0,FALSE,,
QG,KBF,189,11.0132,15,"KELLOE BANK FOOT",,1,0,FALSE,,
QG,KEB,190,0,0.0286,"KING EDWARD BRIDGE EAST JN TO NORTH JN",,1,0,FALSE,,
QG,KES,191,0,0.044,"KNOTTINGLEY EAST JN SOUTH JN",,1,0,FALSE,,
QG,KIL1,192,104.0012,105.022,"KILLINGHOLME BRANCH (IMMINGHAM WEST JN (WEST)TO MILEAGE CHANGE)",,1,0,FALSE,,
QG,KIL2,193,0,2.154,"KILLINGHOLME BRANCH (MILEAGE CHANGE TO END OF BRANCH)",,1,0,FALSE,,
QG,KWS,194,58.0452,68.1591,"KNOTTINGLEY WEST JN SHAFTHOLME JN",,1,0,FALSE,,
QG,LBE1,195,0.0044,6.121,"LEEDS HOLBECK W JN - COM (LAISTERDYKE)",,1,0,FALSE,,
QG,LBE2,196,190.0671,190.11,"LAISTERDYKE COM - 190M 50CH",,1,0,FALSE,,
QG,LBE3,197,190.11,191.066,"190M 50CH - 191M 30CH",,1,0,FALSE,,
QG,LBE4,198,191.066,191.1716,"191M 30CH - MILL LANE JN BRADFORD",,1,0,FALSE,,
QG,LCJ,199,152.0792,152.1738,"LOVERSALL JN FLYOVER EAST JN",,1,0,FALSE,,
QG,LCR,200,152,152.0237,"LOVERSALL CARR JN ROSSINGTON COLLIERY JN",,1,0,FALSE,,
QG,LEH1,201,0.0452,14.132,"LEEDS WORTLEY JN - FORMER PANNAL JN (?)",,1,0,FALSE,,
QG,LEH2,202,14.132,15.044,"FORMER PANNAL JN-FORMER CRIMPLE JN (??)",,1,0,FALSE,,
QG,LEH3,203,15.044,17.0528,"FORMER CRIMPLE JN - HARROGATE STATION",,1,0,FALSE,,
QG,LEN2,204,-0.0044,0.0827,"NORTHALLERTON HIGH JN - EAST LOW JN",,1,0,FALSE,,
QG,LEN3,205,43.0013,101.1266,"EAST LOW JN - NEWCASTLE EAST JN VIA HARTLEPOOL",,1,0,FALSE,,
QG,LLP1,206,28.1672,29.1584,"LONGLANDS LOOP JN - BOROUGHBRIDGE RD LC VIA DN LOOP (LONGLANDS LOOP)",,1,0,FALSE,,
QG,LLP2,207,42.0462,43.0013,"BOROUGHBRIDGE RD LC - EAST LOW JUNCTION",,1,0,FALSE,,
QG,LLP3,208,0,0.1569,"BOROUGHBRIDGE RD LC - LONGLANDS LOOP JN VIA UP LOOP (LONGLANDS LOOP)",,1,0,FALSE,,
QG,MAC3,209,33.0242,112.0918,"DEEPCAR (BSC) - CLEETHORPES",,1,0,FALSE,,
QG,MAM1,210,9.0572,9.067,"MALTBY COLLIERY BCH JN TO MILEAGE CHANGE",,1,0,FALSE,,
QG,MAM2,211,0.0022,0.0946,"MILEAGE CHANGE TO MALTBY COLLIERY",,1,0,FALSE,,
QG,MAN1,212,0,0.033,"MANTON COLLIERY",,1,0,FALSE,,
QG,MAN2,213,58.1232,59.0016,"MANTON COLLIERY BRANCH",,1,0,FALSE,,
QG,MAS,214,153.165,164.1452,"TOTLEY TUNNEL EAST - CHINLEY NTH JN (DORE & CHINLEY LINE)(D16)",,1,0,FALSE,,
QG,MBW1,215,0,10.1078,"MIDDLESBROUGH WHITBY (GUISBOROUGH JN - BATTERSBY JN)",,1,0,FALSE,,
QG,MBW2,216,11.155,29.1452,"MIDDLESBROUGH WHITBY (BATTERSBY TO GROSMONT JNC)",,1,0,FALSE,,
QG,MBW3,217,24.0968,30.1364,"MIDDLESBROUGH WHITBY (GROSMONT JNC - WHITBY)",,1,0,FALSE,,
QG,MCB,218,7,7.011,"MARKHAM COLLIERY BRANCH",,1,0,FALSE,,
QG,MDL1,219,32.0342,42.0058,"THORNHILL LNW JN - HOLBECK EAST JN (MIRFIELD - LEEDS)",,1,0,FALSE,,
QG,MEB1,220,0,3.0704,"MOORGATE BRANCH",,1,0,FALSE,,
QG,MEG,221,0,0.0308,"MARSH EAST JNC MARSH NORTH JNC",,1,0,FALSE,,
QG,MEW1,222,61.0176,61.0264,"METHLEY JN - METHLEY JN FOR WHITWOOD",,1,0,FALSE,,
QG,MEW2,223,0,1.0264,"METHLEY JN FOR WHITWOOD - WHITWOOD JN",,1,0,FALSE,,
QG,MGW,224,6.0303,7.1364,"MILFORD JN - GASCOIGNE WOOD JN",,1,0,FALSE,,
QG,MGY,225,0,0.0838,"MIDDLESBOROUGH GOODS YARD",,1,0,FALSE,,
QG,MJS2,226,0,10.1562,"(CLOSED) ASHBY DE LA ZOUCH TO CHELLASTON EAST JCN",,1,1,FALSE,,
QG,MKB1,227,0,0.0748,"MONK BRETTON BRANCH (CUDWORTH NORTH JN TO MILEAGE CHANGE)",,1,0,FALSE,,
QG,MKB2,228,175.1584,176.0484,"MONK BRETTON BRANCH (MILEAGE CHANGE TO MONK BRETTON)",,1,0,FALSE,,
QG,MMC,229,0,0.1342,"MARKHAM MAIN COLLIERY",,1,0,FALSE,,
QG,MRB,230,29.0462,40.0483,"MILNER ROYD JN BRADFORD",,1,0,FALSE,,
QG,MVL3,231,15.0242,29.099,"STALYBRIDGE STN - HEATON LODGE JN (HUDDERSFIELD-MANCHESTER LINE)(H25)",,1,0,FALSE,,
QG,MVL4,232,28.1716,29.1628,"BRADLEY JN - HEATON LODGE EAST JN",,1,0,FALSE,,
QG,MVN2,233,22.1364,50.0682,"THORPES BRIDGE JN - NORMANTON (MANCHESTER - NORMANTON LINE)(M8)",,1,0,FALSE,,
QG,MWJ,234,0,0.0682,"MARCHEYS HOUSE JN - WINNING COLLIERY CROSSING JN",,1,0,FALSE,,
QG,MWN,235,107.151,108.0968,"MARSH WEST JNC TO GRIMSBY DOCKS",,1,0,FALSE,,
QG,NEC1,236,0.0939,5.0616,"NEWCASTLE - CARLISLE (KING EDWARD BRIDGE STH JN - MILEAGE CHANGE)",,1,0,FALSE,,
QG,NEC2,237,3.1716,58,"NEWCASTLE MLGE CHGE - CARLISLE S JN",,1,0,FALSE,,
QG,NEK,238,0,3.0418,"SUNDERLAND TO SOUTH HYLTON (METRO EXTENSION)",,1,0,FALSE,,
QG,NEN1,239,0.0242,1.0066,"NEWBURN BRANCH (NEWCASTLE WEST JN TO MILEAGE CHANGE)",,1,0,FALSE,,
QG,NHM,240,18.0188,19.0418,"NEVILL HILL DEPARTURE SIDINGS SERVICING ROADS AND FLUSHING APRON",,1,0,FALSE,,
QG,NHM2,241,18.07,19.0459,"NEVILLE HILL RECEPTION,D.M.U. STANDAGE SIDINGS ,REPAIR SHED,H.S.T. AREA",,1,0,FALSE,,
QG,NHM3,318,18.1429,18.1455,"NEVILLE HILL SDGS",,1,0,FALSE,,
QG,NHM4,319,18.1456,18.1485,"NEVILLE HILL SDGS",,1,0,FALSE,,
QG,NLF,242,-0.0318,1.0924,"NORWOOD JN TO LOW FELL",,1,0,FALSE,,
QG,NOB1,315,16.0044,22.0044,"NOTTINGHAM E JN - LINCOLN 32MP",,1,0,FALSE,,
QG,NOB2,243,32,32.154,"LINCOLN 32MP - COM LINCOLN",,1,0,FALSE,,
QG,NOB3,244,12.121,41.055,"NOTTINGHAM(41.25) - BARNETBY(12.55) (REVERSE MILEAGE)",,1,0,FALSE,,
QG,NOC,245,5.0902,23.1262,"NORMANTON COLTON JN",,1,0,FALSE,,
QG,NOP1,246,0.055,3.132,"NORMANBY PARK, THROUGH TO ROXBY STOP BOARD",,1,0,FALSE,,
QG,NSE,247,0,0.044,"NEWARK SOUTH JNC EAST JNC",,1,0,FALSE,,
QG,NUJ1,248,158.1694,159.0726,"NUNNERY MAIN LINE JN - NUNNERY JN (MAIN LINE JN - MILEAGE CHANGE)",,1,0,FALSE,,
QG,NUJ2,249,41.1496,42.0638,"NUNNERY MAIN LINE JN - NUNNERY JN (MILEAGE CHANGE - NUNNERY JN)",,1,0,FALSE,,
QG,NWE,250,0,0.0616,"NORTON EAST JN - NORTON WEST JN",,1,0,FALSE,,
QG,OAJ,251,48.1672,49.0924,"OAKENSHAW SOUTH JN FOR OAKENSHAW JN",,1,0,FALSE,,
QG,OSC,252,181.1642,183.0088,"OAKENSHAW SOUTH JN FOR CROFTON EAST JN",,1,0,FALSE,,
QG,OXO,253,0,1,"OXCROFT OPENCAST",,1,0,FALSE,,
QG,PAN,254,0,1.022,"(CLOSED) FORMER FAWCETT ST JN - HENDON JN FOR PALLION BCH (CLOSED 1985)",,1,1,FALSE,,
QG,PBS3,255,143.0682,143.088,"MANSFIELD - LM/ER BOUNDARY",,1,0,FALSE,,
QG,PDL,256,97.1408,98.033,"PELAW DOWN LINK LINE",,1,0,FALSE,,
QG,PED1,257,28.0683,29.0286,"PENISTONE - DONCASTER (PENISTONE JNC FORMER BARNSLEY JUNCTION)",,1,0,FALSE,,
QG,PED2,258,0,7.11,"PENISTONE - DONCASTER (FORMER BARNSLEY JUNCTION - QUARRY JN)",,1,0,FALSE,,
QG,PED4,259,15.088,15.1408,"PENISTONE - DONCASTER (WATH 13M 33CH - FORMER MEXBOROUGH EAST JCN",,1,0,FALSE,,
QG,PED5,260,15.1408,22.1232,"PENISTONE-DONCASTER (FORMER MEXBORO EAST JCN TO DONCASTER SOUTH YORKS JCN)",,1,0,FALSE,,
QG,PEF,261,2.0836,3.0132,"FERRYBRIDGE SOUTH JN - PONTEFRACT EAST GOODS JN",,1,0,FALSE,,
QG,PEH,262,0.088,13.0924,"PENISTONE HUDDERSFIELD",,1,0,FALSE,,
QG,PHC,263,0,0.154,"PRIORY YARD HULL CENTRAL GOODS",,1,0,FALSE,,
QG,PHS,320,76.1426,76.146,"PETERBOROUGH SIDINGS",,1,0,FALSE,,
QG,PLG1,264,100.1424,101.033,"PARK LANE JN TO FORMER HIGH ST JN",,1,0,FALSE,,
QG,PLG2,265,0,0.0478,"FORMER HIGH ST JN TO GREENSFIELD JN",,1,0,FALSE,,
QG,PMJ,266,13.132,22.0484,"MANTON JN - PETERBOROUGH",,1,0,FALSE,,
QG,POC1,267,0,3.055,"BILLINGHAM JN - PHILLIPS PETROLEUM DEPOT JN",,1,0,FALSE,,
QG,POC2,268,3.055,5.0462,"PHILLIPS PD JN - PORT CLARENCE BRANCH",,1,0,FALSE,,
QG,PSE,269,143.088,154.066,"OLD REGIONAL BDRY.TO SHIREOAKS EAST JN (CONT.FROM PYE BRIDGE OF PBS3)",,1,0,FALSE,,
QG,PSP,321,0,0.0285,PARKGATE,,1,0,FALSE,,
QG,PUL,270,97.1408,98.0088,"PELAW UP LINK LINE",,1,0,FALSE,,
QG,PYE1,271,106.0733,106.11,"PYEWIPE (IMMINGHAM EAST DOCK JCN TO MILEAGE CHANGE)",,1,0,FALSE,,
QG,PYE2,272,0,4.0726,"PYEWIPE (MILEAGE CHANGE TO GRIMSBY DOCKS BRB/ABP BOUNDARY)",,1,0,FALSE,,
QG,PYE3,273,4.0726,4.1738,"PYEWIPE (GRIMSBY DOCKS WITHIN ABP BOUNDARIES)",,1,0,FALSE,,
QG,REB2,90,0.1056,0.1056,"CASTLE HILLS INNER JN - REDMIRE (TARMAC)",,1,0,FALSE,,
QG,REB4,91,-0.0088,0.0396,"CASTLE HILLS JN - CASTLE HILLS INNER JN",,1,0,FALSE,,
QG,REX1,92,0,0.0836,"OLLERTON WEST JN - MILEAGE CHANGE (REXCO SIDINGS)",,1,0,FALSE,,
QG,REX2,93,4.1716,5.044,"MILEAGE CHANGE TO REXCO SIDINGS",,1,0,FALSE,,
QG,ROT,94,20.0057,20.055,"REDCAR ORE TERMINAL BRANCH",,1,0,FALSE,,
QG,RSC,95,7.0528,7.132,"ROUNDWOOD CHORD JCN TO SILVERWOOD COLL'Y",,1,0,FALSE,,
QG,RUB1,96,0,1.0198,"RUFFORD JN - BILSTHORPE COLLIERY JN",,1,0,FALSE,,
QG,RUB2,97,1.0198,4.0351,"BILSTHORPE CLLY JN - BILSTHORPE CLLY",,1,0,FALSE,,
QG,RUC1,98,0,2.0184,"RUFFORD COLLIERY JCN - RUFFORD COLLIERY HEADSHUNT",,1,0,FALSE,,
QG,RUC2,99,1.11,1.154,"RUFFORD COLLIERY - JCN FOR RUFFORD COLLIERY",,1,0,FALSE,,
QG,RWS,100,1.0682,1.121,"RIVER WEAR COMMISIONERS",,1,0,FALSE,,
QG,SAN,101,0,1.154,"SANTON IRON ORE BRANCH",,1,0,FALSE,,
QG,SBF,102,205.1213,208.13,"SHIPLEY BRADFORD FORSTER SQUARE",,1,0,FALSE,,
QG,SBR,103,32.0252,45.132,"SHEPRETH BRANCH",,1,0,FALSE,,
QG,SCD,104,0,0.0616,"SCUNTHORPE TRENT JNC DAWES LANE JNC",,1,0,FALSE,,
QG,SEA1,105,0.143,1.143,"SEAFIELDS BRANCH",,1,0,FALSE,,
QG,SEC,106,0,0.0726,"SELBY CANAL JN - SELBY WEST JN",,1,0,FALSE,,
QG,SEL,107,161.0539,161.1386,"TINSLEY SOUTH JN - SHEPCOTE LANE WEST JN",,1,0,FALSE,,
QG,SES,108,0,2.0946,"SEAL SANDS BRANCH",,1,0,FALSE,,
QG,SEY,109,151.1688,152.066,"SEYMOUR COLLIERY BRANCH",,1,0,FALSE,,
QG,SFL,110,60.11,61.099,"STOCKTON FRIEGHTLINER",,1,0,FALSE,,
QG,SHB,111,161.1144,173.1056,"SHEFFIELD BARNSLEY",,1,0,FALSE,,
QG,SHC,112,144.0154,144.1496,"SHIREBROOK COLLIERY",,1,0,FALSE,,
QG,SHG,113,13.0418,14.0748,"SHERBURN JN - GASCOIGNE WOOD JN",,1,0,FALSE,,
QG,SHW,114,153.1562,154.0792,"SHIREOAKS WEST JN - WOODEND JN",,1,0,FALSE,,
QG,SIC1,115,10,13,"SILVERWOOD COLLIERY H'DSHUNT - 11MP",,1,0,FALSE,,
QG,SIC2,116,0.0066,13.0242,"11MP - THRYBERGH JN (SILVERWOOD COLLIERY BRANCH)",,1,0,FALSE,,
QG,SJB,117,22.0795,22.1185,"ST JAMES JNC BRIDGE JNC",,1,0,FALSE,,
QG,SJM1,118,166.1249,167.0385,"SWINTON JN - 167M 385Y (MILEAGE CHANGE)",,1,0,FALSE,,
QG,SJM2,119,15.0079,15.088,"15M.0079Y (MILEAGE CHANGE) 15M.0880Y",,1,0,FALSE,,
QG,SKA,120,-0.0176,0.1364,"SKELLOW JN ADWICK JN",,1,0,FALSE,,
QG,SKB,121,165.088,166.088,"SOUTH KIRKBY COLLIERY BRANCH (OPEN SIDING)",,1,1,FALSE,,
QG,SKM,122,0.011,0.1232,"SOUTH KIRKBY JN MOORTHORPE STATION JN",,1,0,FALSE,,
QG,SKS1,123,220.1408,222.1487,"SKIPTON STATION NTH JN - EMBSAY JN",,1,0,FALSE,,
QG,SKS2,124,0,6.1108,"EMBSAY JN - GRASSINGTON (PART CLOSED)",,1,0,FALSE,,
QG,SKW1,125,221.1496,230,"SKIPTON - WENNINGTON JCN",,1,0,FALSE,,
QG,SMJ1,126,166.1298,168.1408,"SWINTON JN TO MILFORD JN (SWINTON JCN TO DEARNE JCN PORTION)",,1,0,FALSE,,
QG,SMJ2,127,0,17.033,"SWINTON JN TO MILFORD JN (DEARNE JCN TO BURTON SALMON PORTION)",,1,0,FALSE,,
QG,SMJ3,128,15.0088,16.1518,"SWINTON JN TO MILFORD JN (BURTON SALMON TO MILFORD JN PORTION)",,1,0,FALSE,,
QG,SOT,129,0,1.1122,"SEATON ON TEES",,1,0,FALSE,,
QG,SPC9,130,146,146.1298,"CLAY CROSS S JN - TAPTON JN (CHESTERFIELD)",,1,0,FALSE,,
QG,SPD4,131,98.1518,115.1584,"TRENT WEST JN - BESSACARR",,1,0,FALSE,,
QG,SPD5,132,115.1584,117.088,"BESSACARR - DECOY NTH JN DONCASTER",,1,0,FALSE,,
QG,SPW,133,1.0638,1.1232,"SPRINGBANK ROAD JN WALTON STREET JN",,1,0,FALSE,,
QG,SSG,134,0,1,"SCULCOATES GOODS (OPEN SIDING)",,1,0,FALSE,,
QG,SSK1,283,26.1599,34.0726,"SALTBURN W JN - SKINNINGROVE (CLEVELAND POTASH)",,1,0,FALSE,,
QG,STF,284,0,10.1584,"NORTON SOUTH JN - FERRYHILL SOUTH JN",,1,0,FALSE,,
QG,SWP,285,0,0.099,"SHIREBROOK JN - WARSOP JN",,1,0,FALSE,,
QG,TCF,286,100.0572,100.1232,"TYNESIDE CENTRAL FREIGHT DEPOT",,1,0,FALSE,,
QG,TCW1,287,169.0352,174.0242,"TEMPLE HIRST JN - SELBY SOUTH JN",,1,0,FALSE,,
QG,TEY,288,0,300,"TYNE YARD",,1,1,FALSE,,
QG,THC,289,3.0858,6.0704,"THURCROFT COLLIERY",,1,0,FALSE,,
QG,TJC1,290,146.1298,160.0748,"CHESTERFIELD (TAPTON JN.) TO COLNE {TAPTON JN. - FREIGHT TERMINAL JN}",,1,0,FALSE,,
QG,TJC2,291,160.0748,163.1628,"CHESTERFIELD (TAPTON JN.) TO COLNE {FREIGHT TERMINAL JN - MASBORO' C.O.M.}",,1,0,FALSE,,
QG,TJC3,292,161.1694,221.1496,"CHESTERFIELD (TAPTON JCN) - COLNE {MASBORO' C.O.M. - COLNE}(PART CLOSED)",,1,0,FALSE,,
QG,TJG1,293,7.152,9.0321,"THORNE JN - THORNE NORTH STN COM",,1,0,FALSE,,
QG,TJG2,294,0,14,"THORNE NORTH STN COM - GILBERDYKE  {MILEAGE RUNS IN OPPOSITE DIRECTION}",,1,0,FALSE,,
QG,TMP,295,163.0979,164.1004,"THORPE MARSH POWER STATION",,1,0,FALSE,,
QG,TNC,296,0,0.055,"TREETON NORTH JN - CATCLIFFE JN",,1,0,FALSE,,
QG,TSC,297,137.0289,145.1518,"TIBSHELF + BLACKWELL BRCH JN - SILVERHILL COLLIERY AND EXTENSION",,1,1,FALSE,,
QG,TST,316,0,0.0484,"TINSLEY NORTH JN TO SHEFFIELD TRANSFER LINE",,1,0,FALSE,,
QG,TSY,298,11.1305,13.1364,"TEES YARD",,1,0,FALSE,,
QG,TYB1,299,68.0695,71.1738,"CLARBOROUGH JN - COTTAM CEGB (TORKSEY BRANCH) <FORMERLY COT>",,1,0,FALSE,,
QG,TYC,300,0,0.0924,"THORESBY COLLIERY",,1,0,FALSE,,
QG,UDS,301,15.121,16.1232,"UP DECOY SIDINGS",,1,0,FALSE,,
QG,WAG1,302,47.0781,73.1144,"WAKEFIELD GOOLE (WAKEFIELD-ENGINE SHED JN)",,1,0,FALSE,,
QG,WAG2,303,0,0.1408,"WAKEFIELD GOOLE (ENGINE SHED JN - POTTERS GRANGE JN)",,1,0,FALSE,,
QG,WAG3,304,73.1144,74,"GOOLE DOCKS (OPEN SIDING)",,1,0,FALSE,,
QG,WBC,305,0,0.1716,"WEST BURTON (CEGB SIDINGS)",,1,0,FALSE,,
QG,WBH,306,0,0.0594,"WESTGATE BRANCH",,1,0,FALSE,,
QG,WBK,307,0,0.1315,WELBECK,,1,0,FALSE,,
QG,WCI,308,0,1.0066,"WILTON ICI",,1,0,FALSE,,
QG,WDU,314,0,1.1399,"Werrington Dive Under",HGJ2,1,0,FALSE,,
QG,WEB,309,79.0759,82.044,"WERRINGTON BRANCH",,1,0,FALSE,,
QG,WEC1,310,11.1407,12.0458,"LANGWITH JCN OPEN",,1,0,FALSE,,
QG,WHR,311,63.0616,64.0638,"WHISKERHILL JNC RETFORD JNC",,1,0,FALSE,,
QG,WKC,312,-0.0216,2.1386,"WELBECK COLLIERY",,1,0,FALSE,,
QG,WME,313,0,10.0418,"WOODBURN JN - MEXBOROUGH EAST JN",,1,0,FALSE,,
QG,WRG,274,185.0552,185.0863,"WHITEHALL ROAD GOODS YARD",,1,0,FALSE,,
QG,WSB,275,-0.0077,3.044,"WEST SLEEKBURN JN - NORTH BLYTH",,1,0,FALSE,,
QG,WTB,276,1.1373,3.066,"WEST BLYTH STAITHS",,1,1,FALSE,,
QG,WWK,277,0,0.0572,"WAKEFIELD KIRKGATE INGS JN WAKEFIELD WEST RIDING JN",,1,0,FALSE,,
QG,XXX,280,0.02,1.12,ROYALMAIL,,1,0,TRUE,,Y
QG,YDS,278,15.0308,15.1562,"ST CATHERINES JN - DECOY SOUTH JN",,1,0,FALSE,,
QG,YMS,279,0.0032,42.0132,"YORK MALTON SCARBOROUGH",,1,0,FALSE,,
