QR,AEG,-0.0004,11,0.0608,"ALLERTON E JN - GARSTON JN (SPEKE-EDGE HILL LINE)(S25)",HRJ4,TRUE
QR,AFL,0,12,0.0889,"SEFTON JCN - METAL BOX SIDING (AINTREE FORK LINE)(A25)",HRJ4,TRUE
QR,AHX,0,13,0.0972,"ALLERTON JN - HUNTS CROSS W JN (ALLERTON CONN.LINE)(A48)",HRJ4,TRUE
QR,AMJ,0,14,0.0886,"ASHTON MOSS S JN - ASHTON MOSS N JN (ASHTON MOSS CURVE)(A47)",HRJ5,TRUE
QR,AQL,240.1743,244,241.0437,"ARCOW QUARRY LINE",HRJ1,TRUE
QR,AYS,1.0696,15,2.1148,"ASHBURY'S YARD SIDINGS",HRJ5,TRUE
QR,BBB,10.068,16,14.11,"BOLTON E JN - BLACKBURN BOLTON JN (BOLTON-BLACKBURN LINE)(B37)",HRJ5,TRUE
QR,BBB,14.11,17,24.0173,"BOLTON E JN - BLACKBURN BOLTON JN (BOLTON-BLACKBURN LINE)(B37)",HRJ1,TRUE
QR,BBS,1.1596,18,2.058,"BAMBER BRIDGE SIDINGS",HRJ1,TRUE
QR,BBS1,10.059,19,10.1061,"BLACKBURN STATION SIDINGS",HRJ1,TRUE
QR,BBS2,10.0544,20,10.1108,"BLACKBURN EAST LANCS SIDINGS",HRJ1,TRUE
QR,BBS3,9.1113,21,10.0614,"BOLTON ROAD GOODS SIDINGS",HRJ1,TRUE
QR,BBS4,9.1219,22,10.0119,"BLACKBURN KINGS STREET SIDINGS",HRJ1,TRUE
QR,BCR,16.1507,23,17.0797,"BLACKPOOL CARRIAGE SIDINGS",HRJ1,TRUE
QR,BDS,0.0509,24,0.0716,"SEACOMBE JN - BIDSTON WEST JN (WEST KIRBY - SEACOMBE LINE)(W16) (SDGS ONLY)",HRJ4,TRUE
QR,BEJ,-0.0054,25,19.0206,"EDGELEY JN NO 1 - BUXTON STATION (LNW) (BUXTON BRANCH-LNW)(B58)",HRJ5,TRUE
QR,BEM,-0.0004,26,0.0952,"BIDSTON E JN - BRB/MDHC BDY (B'HEAD N GOODS YARD LINE)(B113)",HRJ4,TRUE
QR,BEN,4.0872,27,7.0394,"BIDSTON E JN - NEW BRIGHTON (B'HEAD PARK-NEW BRIGHTON LINE)(B24)",HRJ4,TRUE
QR,BHI,156.0352,28,158.154,"BASFORD HALL JN - SYDNEY BR JN (INDEPENDENT LINES)",HRJ4,TRUE
QR,BHI,158.154,29,158.1694,"BASFORD HALL JN - SYDNEY BR JN (INDEPENDENT LINES)",HRJ5,TRUE
QR,BHI1,156.1551,30,157.055,"BASFORD HALL INDEPENDENTS",HRJ4,TRUE
QR,BIK,0,31,3.099,"PENNINGTON SOUTH JN - BICKERSHAW JN (PART CLOSED)",HRJ4,TRUE
QR,BPP,-0.0197,32,0.0525,"PHILIPS PARK NO 1 JN - BREWERY SDG JN (MILES PLATTING CONN LINE)(M51)",HRJ5,TRUE
QR,BSJ,4.1746,33,5.0082,"BOOTLE JN X-OVER (BOOTLE BCH-SOUTHPORT LINE)(B44)",HRJ4,TRUE
QR,BSN,0.0041,34,0.1458,"STAINTON TO CARLISLE YARD",HRJ1,TRUE
QR,BUX,0,35,4.1714,"BUXTON - BRIGG'S SDGS(HINDLOW)(BUXTON & HIGH PEAK JN LINE NO 1)(B59)",HRJ5,TRUE
QR,CBC1,0.0407,36,74.1618,"CARNFORTH NTH JN - BRANSTY (74M 73CH)",HRJ1,TRUE
QR,CBC2,0.0089,37,12.0106,"BRANSTY - MARYPORT (12M 05CH)",HRJ1,TRUE
QR,CBC3,0,38,27.1076,"MARYPORT 0MP - CARLISLE SOUTH JN",HRJ1,TRUE
QR,CCQ1,0,39,5.1352,"CHESTER STH JN (CLC) - DEE MARSH E JN",HRJ4,TRUE
QR,CCS1,13.0666,40,14.12,"ROCK FERRY S JN - BIRKENHEAD WOODSIDE (CHESTER-B'HEAD RLY)(PART CLO)(C17)",HRJ4,TRUE
QR,CCS2,14.12,41,15.0883,"GREEN LANE JN - CAVENDISH SDGS (CHESTER-B'HEAD RLY)(C17B)(PART MDHC)",HRJ4,TRUE
QR,CDM1,6.1693,42,8,"CASTLEFIELD JN-ALTRINCHAM (CASTLEFIELD-ALTRINCHAM LINE)(C10) (PART CLOSED)",HRJ5,TRUE
QR,CDM2,7.1524,43,16.11,"ALTRINCHAM - MICKLE TRAFFORD (ALTRINCHAM-CHESTER LINE)(A4)",HRJ5,TRUE
QR,CDM2,16.11,44,35.0903,"ALTRINCHAM - MICKLE TRAFFORD (ALTRINCHAM-CHESTER LINE)(A4)",HRJ4,TRUE
QR,CEC,0.0093,45,0.0552,"CARNFORTH E JN - CARNFORTH STN JN",HRJ1,TRUE
QR,CEH,0.001,46,0.0821,"CASTLETON E JN - CASTLETON N JN (CASTLETON NTH FORK LINE)(C74)",HRJ5,TRUE
QR,CGJ1,159,47,176,"CREWE (159MP) - WEAVER JUNCTION",HRJ4,TRUE
QR,CGJ2,176,48,181.1627,"WEAVER JN - WARRINGTON",HRJ4,TRUE
QR,CGJ3,181.1623,49,185.1077,"WARRINGTON - WINWICK JN",HRJ4,TRUE
QR,CGJ4,185.1068,50,187.1672,"WINWICK JN - GOLBORNE JN",HRJ4,TRUE
QR,CGJ5,0.1153,51,11,"GOLBORNE JNC - PRESTON",HRJ4,TRUE
QR,CGJ5,11,52,21.125,"GOLBORNE JNC - PRESTON",HRJ1,TRUE
QR,CGJ6,0,53,20.1752,"PRESTON - LANCASTER",HRJ1,TRUE
QR,CGJ7,0,54,69.0202,"LANCASTER - CARLISLE",HRJ1,TRUE
QR,CHW1,0.0471,55,17.048,"CHESTER EAST JN - WALTON OLD JN",HRJ4,TRUE
QR,CHW2,17.048,56,17.1678,"WALTON OLD JNC - WARRINGTON STH JNC",HRJ4,TRUE
QR,CIL,157.1396,57,158.0553,"SALOP GDS JN - CREWE N JN (CHESTER INDEPENDENT LINES)",HRJ4,TRUE
QR,CMD1,0,58,8.088,"MACCLESFIELD STN - MLGE CHANGE(HARECASTLE)(MACCLESFIELD-COLWICH LINE)(M3)",HRJ5,TRUE
QR,CMP1,158.035,59,158.154,"CREWE NTH JN - EDGELEY JN NO 1 (CREWE-STOCKPORT LINE)(C49)",HRJ4,TRUE
QR,CMP1,158.154,60,182.0838,"CREWE NTH JN - EDGELEY JN NO 1 (CREWE-STOCKPORT LINE)(C49)",HRJ5,TRUE
QR,CMP2,182.0838,61,188.1556,"EDGELEY JN NO 1 - MANCHESTER PICCADILLY (STOCKPORT-MANCHESTER LINE)(S42)",HRJ5,TRUE
QR,CNB1,161.0107,62,168.0855,"PEAK FOREST JN - CHINLEY N JN (ROWSLEY-NEW MILLS LINE)(R14)",HRJ5,TRUE
QR,CNB2,0.0002,63,0.0613,"PEAK FOREST JN - BUXTON JN (BLACKWELL MILLS CURVE)(B69)",HRJ5,TRUE
QR,CNB3,161.0338,64,164.0704,"MILLERS DALE JN - BUXTON CURVE JN (BUXTON BCH(MID))(PART CLOSED)(B57)",HRJ5,TRUE
QR,CNB4,164.0704,65,164.1608,"BUXTON CURVE JN - BUXTON SDGS(BUXTON CURVE)(B71)",HRJ5,TRUE
QR,CNH1,158.0368,66,178.1473,"CREWE NORTH JN - CHESTER EAST JN",HRJ4,TRUE
QR,CNH2,178.1473,67,179.1223,"CHESTER EAST JN - CHESTER SOUTH JN",HRJ4,TRUE
QR,CNH3,179.1223,68,188.088,"CHESTER SOUTH JN - HOLYHEAD",HRJ4,TRUE
QR,COL,188.0924,69,190.0615,"LONDON RD JN - ORDSALL LANE JN (MSJ&A LINE)(L26)",HRJ5,TRUE
QR,CPI1,8.046,70,8.1106,"CASTLETON STH JN - CASTLETON NTH JN (CASTLETON STH FORK LINE)(C75)",HRJ5,TRUE
QR,CPI2,8.1106,71,9.0473,"CASTLETON NTH JN - BRADLEY FOLD JN(CASTLETON-BOLTON LINE)(PART CLOSED)(C11)",HRJ5,TRUE
QR,CRR1,0.0196,72,7.149,"CHESTER WEST JN - HOOTON JN (CHESTER-BIRKENHEAD RLY)(C17)",HRJ4,TRUE
QR,CRR2,7.1485,73,13.0868,"HOOTON JN - ROCK FERRY STN (STH END) (CHESTER-BIRKENHEAD RLY)(C17)",HRJ4,TRUE
QR,CSD,7.1574,74,8.1315,"CASTLETON DEPOT",HRJ5,TRUE
QR,CSG,156.0722,75,157.1208,"CREWE S.S.SOUTH - CREWE S.S.NORTH (UP LINES) - GRESTY LANE NO.1",HRJ4,TRUE
QR,CVS,0,76,0.0667,"CHESTER SOUTH - CHESTER NORTH",HRJ4,TRUE
QR,CWK1,1.1314,77,3,"CANNING ST JN - BIRKENHEAD PARK (MERSEY RLY)(M43)",HRJ4,TRUE
QR,CWK2,3,78,4.0874,"BIRKENHEAD PARK - BIDSTON E JN (B'HEAD PARK-NEW BRIGHTON LINE)(B24)",HRJ4,TRUE
QR,CWK3,4.0872,79,10.101,"BIDSTON E JCN - WEST KIRBY (WEST KIRBY-SEACOMBE LINE)(B111/W16)",HRJ4,TRUE
QR,CYC,167.1226,1,168.0711,"CHINLEY STH JN - CHINLEY E JN (CHINLEY STH CURVE)(C77)",HRJ5,TRUE
QR,DAP,0,2,1.0007,"DALTON JN - PARK SOUTH JN",HRJ1,TRUE
QR,DAT1,183.0228,245,183.0339,DAT1,HRJ4,TRUE
QR,DJH,11.0191,3,34.1476,"DAISYFIELD JN - HELLIFIELD JN",HRJ1,TRUE
QR,DJO1,4.0229,4,5.0611,"DENTON JN - CROWTHORNE JN (GUIDE BRIDGE JN LINE)(G10)",HRJ5,TRUE
QR,DJO2,0.117,5,1.0502,"CROWTHORNE JN - ASHTON OA & GB JN (OA & GB LINE)(O2)",HRJ5,TRUE
QR,DSD,0.159,6,1.0112,"DINTING STH JN - DINTING E JN (GLOSSOP BCH)(G4)",HRJ5,TRUE
QR,DSE,1.0954,221,22.11,"EDGE HILL JN - MANCHESTER VICTORIA (L,POOL - MANCR EXCH LINE)(L18)",HRJ4,TRUE
QR,DSE,22.11,7,31.0386,"EDGE HILL JN - MANCHESTER VICTORIA (L,POOL - MANCR EXCH LINE)(L18)",HRJ5,TRUE
QR,EDE,11.0063,8,11.1023,"EDEN VALLEY JN - APPLEBY W JN - WARCOP - KIRKBY STEPHEN",HRJ1,TRUE
QR,EEE,186.1631,9,187.0322,"EARLESTOWN STH JN - EARLESTOWN W JN (WALTON JN - EARLESTOWN LINE)(W4)",HRJ4,TRUE
QR,EHW,1,10,3.0022,"EDGE HILL JN-PARK LANE GOODS(WAPPING BRANCH)(E5)(PART SIDINGS)",HRJ4,TRUE
QR,EJN,-0.0031,105,3.15,"EDGELEY JN NO 2 - NORTHENDEN JN (CHEADLE BCH)(C14)",HRJ5,TRUE
QR,ETC,95.0114,106,96.0194,"EDINBURGH - CARLISLE (CANAL JUNCTION)(PART CLOSED)",HRJ1,TRUE
QR,ETW,11.0852,107,12.033,"ECCLES,TYLDESLEY & WIGAN LINE (ECCLES JN-SPRINGS BCH JN)(PART CLOSED)(E2)",HRJ4,TRUE
QR,EWG,0,108,0.1392,"EDGE HILL JN - WATERLOO GOODS (WATERLOO GOODS BRANCH) (PART SIDINGS)(E4)",HRJ4,TRUE
QR,FCO,12.0339,109,25.1401,"ORMSKIRK - FARINGTON CURVE JN (WALTON JN-PRESTON/FARINGTON CURVE)(W5/F3)",HRJ1,TRUE
QR,FHR1,-0.0017,110,0.1405,"FARINGTON CURVE JN - ENGINE SHED JN",HRJ1,TRUE
QR,FHR2,0.1405,111,1.0934,"ENGINE SHED JN - LOSTOCK HALL JN",HRJ1,TRUE
QR,FHR3,1.0934,112,2.0222,"LOSTOCK HALL JN - BAMBER BRIDGE JN",HRJ1,TRUE
QR,FHR4,2.0222,113,10.11,"BAMBER BR JN - BLACKBURN STATION W",HRJ1,TRUE
QR,FHR5,10.11,114,21.0076,"BLACKBURN STATION WEST - GANNOW JN",HRJ1,TRUE
QR,FHR6,21.0076,115,30.1182,"GANNOW JN - HALL ROYD JN",HRJ1,TRUE
QR,FJH,0,117,1.1196,"HALTON JN - FRODSHAM JN (FRODSHAM BCH)(F11)",HRJ4,TRUE
QR,GBN,0,118,0.044,"GUIDE BRIDGE E JN - GUIDE BRIDGE N JN (GUIDE BRIDGE E CURVE)(SDG ONLY)(G15)",HRJ5,TRUE
QR,GBS1,-0.0113,119,1.031,"GUIDE BRIDGE (BROOKSIDE) SIDINGS",HRJ5,TRUE
QR,GBS2,0.044,120,0.1015,"GUIDE BRIDGE (AVENUE) SIDINGS",HRJ5,TRUE
QR,GDW,0.0015,121,1.0106,"GLOSSOP - DINTING WEST JN (GLOSSOP BCH)(G4)",HRJ5,TRUE
QR,GJC,21.0076,122,27.0897,"GANNOW JN - COLNE",HRJ1,TRUE
QR,GJH,0,123,3.0039,"(CLOSED) GRETNA BRANCH (LONGTOWN SIDINGS)",HRJ1,TRUE
QR,GMC,39.1247,124,40.0321,"BREDBURY GMC SDG - WOODLEY JN (GLAZEBROOK-GODLEY LINE)(G3)",HRJ5,TRUE
QR,GSG,0,125,0.0806,"GRESTY LANE NO 1 - SALOP GOODS JN (SALOP LINES)",HRJ4,TRUE
QR,GSW,115,126,116.0308,"KILMARNOCK GBK JN - GRETNA JN (G&SW LINE)",HRJ1,TRUE
QR,HAJ,0.1164,127,12.1341,"ARDWICK JN - LM/ER BDY (DUNFORD BRIDGE)(MCR-SHEFFIELD LINE)(PART CLO.)(M9)",HRJ5,TRUE
QR,HBL,0,128,1.0661,"HEST BANK JN - BARE LANE JN",HRJ1,TRUE
QR,HCN,0.0356,129,0.1586,"HARTFORD CLC JN - HARTFORD JN",HRJ4,TRUE
QR,HEG,21.1502,130,22.0228,"HARTFORD EAST JN - HARTFORD NTH JN",HRJ4,TRUE
QR,HGC,2.0759,131,2.1383,"HAZEL GROVE E JN - HAZEL GROVE HIGH LEVEL JN (HAZEL GROVE CHORD)",HRJ5,TRUE
QR,HHJ,0.0037,132,8.149,"HOOTON JN - HELSBY JN (HOOTON - HELSBY LINE)(H21)",HRJ4,TRUE
QR,HNO,0.0629,133,1.0946,"HARTFORD NORTH JN - OAKLEIGH SIDING",HRJ4,TRUE
QR,HNS,-0.017,134,4.153,"HEATON NORRIS JN - GUIDE BR STN JN (HEATON NORRIS-GUIDE BRIDGE LINE)(H11)",HRJ5,TRUE
QR,HOB2,-0.001,135,0.12,"HAYDOCK BRANCH JN - ASHTON IN MAKERFIELD (ST HELENS BCH)(S4)",HRJ4,TRUE
QR,HOK,0,246,0.0869,"HORROCKSFORD BRANCH",HRJ1,TRUE
QR,HOT,0,136,0.1759,"HORWICH BRANCH",HRJ5,TRUE
QR,HWG,0.0246,137,0.0629,"HARTFORD WEST JN - HARTFORD NTH JN",HRJ4,TRUE
QR,HXS1,0.004,138,6.0252,"L'POOL CENT - HUNTS CROSS W JN (MERSEY RLY/LINK/CLC)(M43/LINK/C30)",HRJ4,TRUE
QR,HXS2,34.1611,139,37.0277,"SANDHILLS JN - L'POOL CENT (PEMBERTON-L'POOL/LINK/MERSEY RLY)(P4/G20/M43)",HRJ4,TRUE
QR,HXS3,1.0909,140,18.0775,"SANDHILLS JN - SOUTHPORT (L'POOL - SOUTHPORT LINE)(L22)",HRJ4,TRUE
QR,IMG,0,141,0.1328,"BAMFURLONG SDGS JN - INCE MOSS JN (BAMFURLONG SIDINGS CURVE)(B109)",HRJ4,TRUE
QR,KBS1,8.062,142,20.0028,"KIRKHAM NTH JN - BLACKPOOL CENTRAL (COASTAL ROUTE) (PART CLOSED)",HRJ1,TRUE
QR,KCS1,1.044,143,8.0729,"KIDSGROVE JN - CREWE SOUTH JN",HRJ4,TRUE
QR,KMG1,3.0703,144,5.1281,"KINGMOOR JN - KINGMOOR YARD (FOR UP RECEP) VIA GOODS LINES",HRJ1,TRUE
QR,KMG2,4.1032,145,9.054,"KINGMOOR YD(FOR UP REC)-MOSSBAND JN VIA GOODS LINES",HRJ1,TRUE
QR,LCN,13.0866,146,17.0392,"LOSTOCK JN - CROW NEST JN (LOSTOCK - PEMBERTON LINE)(L30)",HRJ5,TRUE
QR,LCS,0,222,0.1144,"EDGE HILL JN-CROWN ST GOODS(LIVERPOOL CROWN ST GDS BCH)(L19)(PART SIDINGS)",HRJ4,TRUE
QR,LEC4,154.066,147,157.044,"STAFFORD NORTH - CREWE 157M20C",HRJ4,TRUE
QR,LEC5,157.044,148,159,"CREWE STATION",HRJ4,TRUE
QR,LHL,-0.001,149,0.1687,"FARINGTON JN - LOSTOCK HALL JN",HRJ1,TRUE
QR,LLI,157.1589,150,158.1602,"SALOP GDS JN - CREWE COAL YARD (LIVERPOOL INDEPENDENT LINES)",HRJ4,TRUE
QR,LMD1,187.022,151,187.1075,"LONGSIGHT MAINTENANCE DEPOT CARRIAGE CLEANING SHED",HRJ5,TRUE
QR,LMD2,187.0573,152,187.1038,"LONGSIGHT UP FREIGHT SIDINGS",HRJ5,TRUE
QR,LMD3,187.059,153,187.1015,"LONGSIGHT TMD NORTH SHED",HRJ5,TRUE
QR,LMD4,187.025,154,187.0602,"LONGSIGHT SOUTH SHED",HRJ5,TRUE
QR,LMD5,187.0431,155,187.1211,"LONGSIGHT HYDE ROAD SIDINGS",HRJ5,TRUE
QR,LMD6,187.0218,156,187.1161,"LONGSIGHT CARRIAGE WASHING LINE",HRJ5,TRUE
QR,LMD7,187.0146,157,187.0532,"LONGSIGHT ETD",HRJ5,TRUE
QR,LMD8,187.1056,158,187.1217,"LONGSIGHT NORTH END ARRIVAL & DEPARTURE ROADS",HRJ5,TRUE
QR,MAJ,6.0237,159,21.07,"HUNTS CROSS W JN - MANCHESTER CEN (CLC LPOOL-MANCR LINE) (PART CLOSED)(C30)",HRJ4,TRUE
QR,MAJ,21.07,160,33.1253,"HUNTS CROSS W JN - MANCHESTER CEN (CLC LPOOL-MANCR LINE) (PART CLOSED)(C30)",HRJ5,TRUE
QR,MAS,164.1452,161,174.0029,"TOTLEY TUNNEL EAST - CHINLEY NTH JN (DORE & CHINLEY LINE)(D16)",HRJ5,TRUE
QR,MCG,0,162,0.0628,"CARLISLE CURROCK JN - ROME ST JN",HRJ1,TRUE
QR,MCH,-0.0304,163,9.0808,"CHEADLE HULME JN - MACCLESFIELD STN (MACCLESFIELD BCH)(M2)",HRJ5,TRUE
QR,MDH1,0,164,0.0682,"PENYFFORD: CONNECTING LINE TO CHESTER TO MOLD BRANCH <FORMERLY PSS1>",HRJ4,TRUE
QR,MHH,0.0065,165,4.0049,"MORECOMBE JN - HEYSHAM HARBOUR",HRJ1,TRUE
QR,MIA,0,166,1.1017,"MANCHESTER INTERNATIONAL AIRPORT RAIL LINK",HRJ5,TRUE
QR,MIR1,0,167,2.0464,"MANN ISLAND JN - MANN ISLAND JN (LIVERPOOL LOOP LINE)(?)",HRJ4,TRUE
QR,MIR2,0.1525,168,3.102,"MANN ISLAND JN - ROCK FERRY STN (STH END)(MERSEY RLY)(M43)",HRJ4,TRUE
QR,MPR1,1.0663,169,2.0387,"MILES PLATTING STN JN - THORPES BRIDGE JN (M'CHESTER-NORMANTON LINE)(M8)",HRJ5,TRUE
QR,MPR2,2.0365,170,6.0322,"THORPES BRIDGE JN -  OLDHAM WERNETH JN (HOLLINWOOD BCH)(H18)",HRJ5,TRUE
QR,MPR3,6.0322,171,14.0585,"OLDHAM WERNETH JN - ROCHDALE E JN (MIDDLETON JN-ROCHDALE LINE)(M25)",HRJ5,TRUE
QR,MRH,9.1723,172,11.0043,"MACCLESFIELD - MARPLE WHARF JN (M'FIELD,BOLLINGTON & MARPLE R)(PT.CLO)(M1)",HRJ5,TRUE
QR,MSM,-0.0011,173,2.0601,"MORECAMBE SOUTH JN - MORECAMBE",HRJ1,TRUE
QR,MVE1,0.0005,174,10.088,"MANCHESTER VIC STN - BOLTON STN (MANCHESTER-BOLTON LINE)(M5)",HRJ5,TRUE
QR,MVE2,10.088,175,17.11,"BOLTON STN - EUXTON JN (BOLTON-EUXTON LINE)(B40)",HRJ5,TRUE
QR,MVE2,17.11,176,25.0803,"BOLTON STN - EUXTON JN (BOLTON-EUXTON LINE)(B40)",HRJ1,TRUE
QR,MVL1,1.0663,177,7.1013,"MILES PLATTING JN - STALYBRIDGE JN (ASHTON BRANCH)(A17)",HRJ5,TRUE
QR,MVL2,7.1012,178,7.163,"STALYBRIDGE JN - STALYBRIDGE STN (STALYBRIDGE JOINT STN LINE)(S60)",HRJ5,TRUE
QR,MVL3,7.163,179,15.0242,"STALYBRIDGE STN - HEATON LODGE JN (HUDDERSFIELD-MANCHESTER LINE)(H25)",HRJ5,TRUE
QR,MVM,-0.0039,180,1.0664,"MANCHESTER VIC STN - MILES PLATTING JN(MANCHESTER-NORMANTON LINE)(M8)",HRJ5,TRUE
QR,MVN1,0.0139,181,2.069,"MANCHESTER VIC E JN - THORPES BRIDGE JN (MANCHESTER LOOP LINE)(M7)",HRJ5,TRUE
QR,MVN2,2.0299,182,13.044,"THORPES BRIDGE JN - NORMANTON (MANCHESTER - NORMANTON LINE)(M8)",HRJ5,TRUE
QR,MVN2,13.044,183,22.1364,"THORPES BRIDGE JN - NORMANTON (MANCHESTER - NORMANTON LINE)(M8)",HRJ1,TRUE
QR,NEC2,58,184,59.1666,"NEWCASTLE MLGE CHGE - CARLISLE S JN",HRJ1,TRUE
QR,NGD,0,185,0.0551,"CARLISLE LONDON RD JN - BOG JN (NEWCASTLE GOODS LINES)",HRJ1,TRUE
QR,NGJ,0,186,0.1164,"NEWTON LE WILLOWS JN - GOLBORNE JN (N.U.LINE)(N14)",HRJ4,TRUE
QR,NMB,32.0933,187,34.0054,"FAZAKERLEY JN - NORTH MERSEY GOODS (NTH MERSEY BCH)(PART CLOSED)(N11)",HRJ4,TRUE
QR,NMC1,172.0235,188,181.0311,"NEW MILLS S JN - HEATON MERSEY STN JN(NEW MILLS-H/MERSEY LINE)(PT CLO)(N4)",HRJ5,TRUE
QR,NMC2,181.0311,189,181.1562,"CHEADLE HEATH STH JN- CHEADLE JN(NEW MILLS-H/MERSEY LINE-L'POOL CURVE)(N4A)",HRJ5,TRUE
QR,NMM,34.0054,190,34.0961,"NORTH MERSEY BCH JN - MARSH LANE JN (SEAFORTH CONN LINE)(S63)",HRJ4,TRUE
QR,NSN,8.0829,191,8.1444,"NORTHWICH SOUTH JN - NORTHWICH STATION JN",HRJ4,TRUE
QR,OFF3,0,192,0.0001,"OFF TRACK ASSETS NWZ LIV",HRJ4,TRUE
QR,OLL1,0,193,0.044,"ORDSALL LANE JUNCTION - LIVERPOOL ROAD OLD STATION (O10) (SIDINGS ONLY)",HRJ5,TRUE
QR,OLW,190.0609,194,191.0225,"ORDSALL LANE JN - WINDSOR BRIDGE SOUTH JN (WINDSOR LINK)",HRJ5,TRUE
QR,OME3,0.0125,219,0.1144,"OLIBE MOUNT CHORD",HRJ4,TRUE
QR,ORG,0,80,0.167,"MILES PLATTING JN - OLDHAM ROAD GOODS (OLDHAM ROAD GOODS)(O7)(PART SIDINGS)",HRJ5,TRUE
QR,OXW,-0.0282,81,10.0355,"OXENHOLME JN - WINDERMERE",HRJ1,TRUE
QR,PBN,0.0731,82,17.1088,"PRESTON FYLDE JN - BLACKPOOL NORTH",HRJ1,TRUE
QR,PDB,0.0065,83,1.0957,"PRESTON FYLDE JN - DEEPDALE - LONGRIDGE (PART CLOSED)",HRJ1,TRUE
QR,PJL,0.0039,84,0.0799,"PARKSIDE JN - LOWTON JN (LOWTON CURVE)(L49)",HRJ4,TRUE
QR,PPA1,1.1232,85,3.027,"PHILLIPS PARK NO 1 JN - ARDWICK JN (ARDWICK BCH)(PART CLOSED)(A12)",HRJ5,TRUE
QR,PPA2,0,86,0.1251,"ASHBURYS W JN - OLD MIDLAND JN (ANCOATS BCH/ANCOATS JN LINE)(A30/A8)",HRJ5,TRUE
QR,PPA3,1.0658,87,1.0806,"ASHBURYS W JN - ASHBURYS W JN (MANCHESTER-SHEFFIELD LINE)(M9)",HRJ5,TRUE
QR,PPP1,2.0283,88,2.0852,"PARK STN JN - BAGULEY FOLD JN (ASHTON BCH)(A17)",HRJ5,TRUE
QR,PPP2,0,89,0.0411,"PARK STN JN - PHILLIPS PARK NO 2 JN (ARDWICK BCH)(A12)",HRJ5,TRUE
QR,PRG,-0.0004,90,1.1672,"PADIHAM CEGB SDG - ROSE GROVE W JN",HRJ1,TRUE
QR,PSR1,21.0846,91,21.1034,"PRESTON STH JN - STRAND RD BRANCH",HRJ1,TRUE
QR,PSR2,0,92,0.0933,"PRESTON STRAND RD (PRESTON DOCKS) BRANCH",HRJ1,TRUE
QR,RDB,0.0055,93,0.1561,"RUNCORN JN - ICI SALT WORKS-FOLLY LANE (DUKES DOCK BCH)(D20) (PART SIDINGS)",HRJ4,TRUE
QR,RDB,0.1561,223,1.022,"RUNCORN JN - ICI SALT WORKS-FOLLY LANE (DUKES DOCK BCH)(D20) (PART SIDINGS)",HRJ4,TRUE
QR,RDK1,27.1298,247,28.0387,"(CLOSED)SALTHOUSE JN - RAMSDEN DOCK (BARROW IN FURNESS)",HRJ1,TRUE
QR,RYH1,178.0723,94,179.0977,"ROMILEY JN - WOODLEY JN (HAYFIELD-WOODLEY LINE)(H7)",HRJ5,TRUE
QR,RYH2,6.0349,95,8.1635,"HYDE JN - WOODLEY JN (HYDE BCH) (H29)",HRJ5,TRUE
QR,SAC,234.0978,96,307.0297,"SETTLE JN - CARLISLE (PETTERILL BRIDGE JN)",HRJ1,TRUE
QR,SAJ,0.0085,97,2.0177,"GUIDE BRIDGE W JN - STALYBRIDGE JN (STALYBRIDGE BCH)(S31)",HRJ5,TRUE
QR,SBH1,-0.0321,98,5.0277,"HUYTON JN - ST HELENS STN JN (HUYTON-ST HELENS LINE)(H28)",HRJ4,TRUE
QR,SBH2,5.0266,99,5.1443,"ST HELENS STN JN - GERARDS BRIDGE JN (ST HELENS-RAINFORD LINE)(S3/S5)",HRJ4,TRUE
QR,SBH3,5.1443,100,12.1193,"GERARDS BRIDGE JN - SPRINGS BCH JN (LANCS UNION LINE)(L2)",HRJ4,TRUE
QR,SBH4,11.1641,101,12.1569,"INCE MOSS SIDIDNGS",HRJ4,TRUE
QR,SCG,0.0628,102,0.0971,"CARLISLE BOG JN - FORKS JN",HRJ1,TRUE
QR,SCN,-0.0116,103,0.1538,"ECCLES STN JN - WEASTE JN (SHIP CANAL BCH)(S11)",HRJ5,TRUE
QR,SCR,22.0607,104,24.132,"SPEKE JN - GARSTON DOCKS (SPEKE & GARSTON LINE)(S26)(PART SIDINGS)",HRJ4,TRUE
QR,SCT1,0.0303,225,5.0396,"BOOTLE BCH JN - CANADA DOCK GOODS (BOOTLE BCH)(PART CLOSED)(B43)",HRJ4,TRUE
QR,SCT2,4.1075,226,5.1261,"ATLANTIC DOCK JN - ALEXANDRA DOCK GOODS (MDHC BDY)(BOOTLE EXTN LINE)(B44)",HRJ4,TRUE
QR,SDJ2,10.013,227,18.1203,"TIMPERLEY JN - DITTON NO 1 JN (TIMPERLEY CURVE/T & G LINES)(PT CLO)(T28/T7)",HRJ4,TRUE
QR,SFO,0,116,0.0382,"STANSFIELD HALL FORK",HRJ2,TRUE
QR,SHS1,6.0088,228,7.036,"SUTTON OAK JN - ST HELENS STN JN (ST HELENS LINE LMS)(S3)",HRJ4,TRUE
QR,SIL,0.0692,229,0.1006,"PARADISE JN - DERBY SQUARE JN (STOCK INTERCHANGE LINE)(MERSEY RLY)(M43)",HRJ4,TRUE
QR,SJC,0.0035,230,9.099,"WENNINGTON - CARNFORTH FURNESS & MIDLAND JUNCTION",HRJ1,TRUE
QR,SJD,0,231,0.0731,"SKELTON JN - DEANSGATE JN (SKELTON BCH) (S95)",HRJ5,TRUE
QR,SJO1,33.0311,232,34.1662,"WALTON JN - SANDHILLS JN (PEMBERTON - LIVERPOOL LINE)(P4)",HRJ4,TRUE
QR,SJO2,3.0448,233,12.0327,"WALTON JN - ORMSKIRK (WALTON JN-PRESTON LINE)(W5)",HRJ4,TRUE
QR,SKW1,230,234,249.0968,"SKIPTON - WENNINGTON JCN",HRJ1,TRUE
QR,SMA,1.0216,235,1.106,"SOUTH MANCHESTER AIRPORT (LINK)",HRJ5,TRUE
QR,SNJ,-0.0024,236,4,"SANDBACH NORTH JN - NORTHWICH SOUTH JN - NORTHWICH WEST JN",HRJ5,TRUE
QR,SNJ,4,237,8.1417,"SANDBACH NORTH JN - NORTHWICH SOUTH JN - NORTHWICH WEST JN",HRJ4,TRUE
QR,SRD,7.1494,238,12.1276,"GERARDS BRIDGE JN - RAINFORD JN (ST HELENS-RAINFORD LINE)(PART CLO)(S5)",HRJ4,TRUE
QR,STY,-0.0677,239,9.0968,"WILMSLOW JN - SLADE LANE JN (STYAL LINE)(WILMSLOW-LEVENSHULME BCH)(W28)",HRJ5,TRUE
QR,SYC,-0.0116,240,2.132,"SHREWSBURY CREWE JN - CREWE STH JN",HRJ4,TRUE
QR,TPS1,0,241,0.0284,"TRAFFORD PARK JN - MSC SIDINGS (SDGS ONLY) (M53)",HRJ5,TRUE
QR,TPS2,0.0284,242,0.0795,"BRIDGEWATER JN - METROPOLITAN VICKERS SDGS (SDGS ONLY) (B105)",HRJ5,TRUE
QR,TPS3,31.0836,243,31.1454,"TRAFFORD PARK JCN - TRAFFORD PARK WEST JCN",HRJ5,TRUE
QR,TTA1,168.0855,195,181,"CHINLEY N JN - REDDISH JN (ROWSLEY-NEW MILLS/ROMILEY JN-REDDISH JN)(R14/H7)",HRJ5,TRUE
QR,TTA2,42.1703,196,46.0526,"REDDISH JN - ASHBURYS E JN (REDDISH BCH)(R4)",HRJ5,TRUE
QR,UCJ,0,197,1.0438,"CARLISLE UPPERBY BR JN - CALDEW JN (THROUGH GOODS LINES)",HRJ1,TRUE
QR,ULR,0,198,0.0775,"CARLISLE UPPERBY JN - LONDON RD JN (THROUGH SDG)",HRJ1,TRUE
QR,WAR,277.0603,199,277.1232,"APPLEBY NTH JN - APPLEBY WEST JN",HRJ1,TRUE
QR,WBS1,1.1427,200,14.1399,"WINDSOR BRIDGE JN - CROW NEST JN (PENDLETON-HINDLEY LINE)(P6)",HRJ5,TRUE
QR,WBS2,14.1399,201,15.066,"CROW NEST JN - WIGAN WALLGATE JN (LOSTOCK-PEMBERTON LINE)(L30)",HRJ5,TRUE
QR,WBS2,15.066,202,18.0086,"CROW NEST JN - WIGAN WALLGATE JN (LOSTOCK-PEMBERTON LINE)(L30)",HRJ4,TRUE
QR,WBS3,18.0085,203,35.06,"WIGAN WALLGATE JN - SOUTHPORT (VIA MEOLS COP)(W26/B79/A3/S22)",HRJ4,TRUE
QR,WCM1,0,204,12.066,"W.C.M.L.(CARLISLE - ELR CHANGE LAW JN)",HRJ1,TRUE
QR,WDB3,0.0189,205,11,"BIDSTON DEE JN - DEE MARSH W JN (NORTH WALES-LIVERPOOL RLY)(N16)",HRJ4,TRUE
QR,WEE,185.0781,206,187.0223,"WINWICK JN - EARLESTOWN E JN (WALTON JN-EARLESTOWN LINE)(W4)",HRJ4,TRUE
QR,WJK,29.0915,207,33.0349,"KIRKBY - WALTON JN (PEMBERTON-LIVERPOOL LINE)(P4)",HRJ4,TRUE
QR,WJL1,177.044,224,182.1472,"WEAVER JN - DITTON NO 1 JN (RUNCORN BCH)(R23)",HRJ4,TRUE
QR,WJL2,182.1472,208,186.1579,"DITTON NO 1 JN - SPEKE JN (TIMPERLEY-GARSTON LINE)(T7)",HRJ4,TRUE
QR,WJL3,186.1579,209,191.1722,"SPEKE JN - EDGE HILL JN (SPEKE-EDGE HILL LINE)(S25)",HRJ4,TRUE
QR,WJL4,191.1722,210,193.1162,"EDGE HILL JN - LIVERPOOL LIME STREET(L,POOL - MANCR EXCH LINE)(L18)",HRJ4,TRUE
QR,WJP1,29.132,211,40.1172,"GLAZEBROOK E JN - WOODLEY JN (GLAZEBROOK-GODLEY LINE)(PART CLOSED)(G3)",HRJ5,TRUE
QR,WKL1,18.0085,212,19.1063,"WIGAN WALLGATE JN - PEMBERTON JN (LOSTOCK-PEMBERTON LINE)(L30)",HRJ4,TRUE
QR,WKL2,19.0186,213,29.0869,"PEMBERTON JN - KIRKBY (PEMBERTON-LIVERPOOL LINE)(P4)",HRJ4,TRUE
QR,WMO,0,214,1.008,"WAVERTREE JN - DOWNHILL CARR SDGS/LNER CATTLE STN (SIDINGS ONLY)(W47)",HRJ4,TRUE
QR,WOA1,0,215,0.1486,"ARPLEY JN - WALTON OLD JN (WALTON/ARPLEY BCH)(W3)",HRJ4,TRUE
QR,WOA2,0,216,0.1345,"GRIDIRON S JN - GRIDIRON N JN (ARPLEY SDGS LINE)(A49)",HRJ4,TRUE
QR,WOA3,0,217,0.0494,"GRIDIRON FEEDING JN - WARRINGTON S JN (ARPLEY FEEDING LINE)(?)",HRJ4,TRUE
QR,WOA4,0,248,0.0076,"ARPLEY HOLDING SIDINGS",HRJ4,TRUE
QR,WPS,14.0881,218,20.132,"POULTON NO 3 - WYRE POWER STATION",HRJ1,TRUE
QR,WSJ2,202.132,220,212.0044,"STAFFORD RD JN - SALTNEY JN",HRJ4,TRUE
